{
 "type": "Conveyor",
 "name": "Парашный конвеер", 
 "description": "Конвеер из парашы. Лучше чем титан, но требует больше ресурсов. Из-за титана в составе параша поголубела (как Егор).",
 "health": 100, 
 "requirements": [
  {"item": "parasha", "amount": 2}
  {"item": "titanium", "amount": 1}
  {"item": "lead", "amount": 1}
 ],
 "speed": 0.16,
 "research": "titanium-conveyor",
 "category": "distribution"
}