{
    "type": "itemTurret",
    "name": "Youtube Cannon",
    "description": "Shoots overpowered Youtube Plaques at enemies.",
    "targetAir": true,
    "targetGround": true,
    "health": 1000,
    "size": 2,
    "shootType": "BasicBulletType",
    "inaccuracy": 12,
    "reload": 15,
    "shootCone": 40,
    "rotateSpeed": 100,
    "shots": 1,
    "range": 350,
    "ammo": {
        "lead": {
	    "type": "BasicBulletType"
            "speed": 12,
            "damage": 500,
            "bulletWidth": 25,
            "bulletHeight": 40,
            "shootEffect": "nuclearShockwave",
            "smokeEffect": "shootBigSmoke",
            "ammoMultiplier": 15,
	    "bulletSprite": "youtube-cannon-plaque",
        }
    },
    "requirements": [
        { "item": "copper", "amount": 100 },
    ],
    "category": "turret"
    "shootSound": "flak"
}